user_no,accuracy,f1_score
1,0.9346590909090909,0.9346163475283267
3,0.9789343246592317,0.9789260406793928
5,0.8741258741258742,0.874101247248716
7,0.8625498007968128,0.8625056068719411
9,0.9143686502177069,0.9141073832026487
11,100.0,1.0
13,0.8602693602693603,0.8596644037402331
15,0.9659224441833137,0.9658855127817012
17,0.851010101010101,0.8500914311379166
19,0.930976430976431,0.9306128147196335
21,0.8931552587646077,0.8924354657687992
23,0.9754299754299754,0.9754298271032551
25,0.7743271221532091,0.7742922920605522
27,0.8592132505175983,0.8584700772200773
29,0.912,0.9120000000000001
31,0.9722891566265061,0.9722746278714787
33,0.9444444444444444,0.9443498962472052
35,0.8499184339314845,0.8484174085064292
37,0.779874213836478,0.7795603089720737
39,0.8396793587174348,0.8387930477482717
