user_no,accuracy,f1_score
2,0.8984126984126984,0.8983963148504672
4,0.8612244897959184,0.8606300925228798
6,0.9327102803738317,0.932563025210084
8,0.7090909090909091,0.7082228116710875
10,0.8735632183908046,0.8735167998120301
12,0.8914473684210527,0.8906474820143886
14,0.795131845841785,0.795047520261454
16,0.8831417624521073,0.8830898470056505
18,0.9494584837545126,0.9494162916585143
20,0.8474226804123711,0.8465294882320744
22,0.8442982456140351,0.8442915061536019
24,0.8970588235294118,0.8970365563486913
26,0.70625,0.7051738333064702
28,0.8505747126436781,0.8503968253968255
30,0.9682539682539683,0.9682407407407407
32,0.7682926829268293,0.7654674093030258
34,0.9564705882352941,0.9564440024984108
36,0.8788461538461538,0.8784140380568515
38,0.9041533546325878,0.9032038594755072
40,0.8529862174578867,0.8520839625490788
